{
  "version": 1,
  "author": "Anonymous maker",
  "editor": "wokwi",
  "parts": [
    { "type": "board-st-nucleo-l031k6", "id": "nucleo", "top": 0, "left": 0, "attrs": {} },
    { "type": "wokwi-led", "id": "led1", "top": -42, "left": -178.6, "attrs": { "color": "red" } },
    {
      "type": "wokwi-resistor",
      "id": "r1",
      "top": 119.15,
      "left": -153.6,
      "attrs": { "value": "220" }
    },
    {
      "type": "wokwi-pushbutton-6mm",
      "id": "btn1",
      "top": 180.2,
      "left": -153.6,
      "attrs": { "color": "green", "xray": "1" }
    }
  ],
  "connections": [
    [ "$serialMonitor:TX", "nucleo:VCP_RX", "", [] ],
    [ "$serialMonitor:RX", "nucleo:VCP_TX", "", [] ],
    [ "led1:A", "nucleo:5V", "green", [ "v0" ] ],
    [ "nucleo:A5", "nucleo:5V", "green", [ "h0" ] ],
    [ "led1:C", "r1:1", "green", [ "v0" ] ],
    [ "r1:2", "nucleo:GND.1", "green", [ "v0" ] ],
    [ "btn1:1.r", "nucleo:D13", "green", [ "v0" ] ],
    [ "btn1:2.r", "nucleo:GND.2", "green", [ "h48.8", "v10" ] ]
  ],
  "dependencies": {}
}